Education,Region,Age,Sex,Ethnicity,y2011,y2012,y2013,y2014,y2015
Degree,East,16 to 21,Male,White,37,50.67122434,132.2440098,185.8940627,264.5538078
Degree,East,16 to 21,Male,Mixed,191,275.6624813,328.3338325,423.5234878,496.3298894
Degree,East,16 to 21,Male,Asian,808,896.9915625,930.2611961,1022.894193,1038.461197
Degree,East,16 to 21,Male,Black,307,378.0859119,428.5959616,443.3705975,540.7035828
Degree,East,16 to 21,Male,Other,866,920.6376683,931.7881466,1011.84888,1064.191377
Degree,East,16 to 21,Female,White,542,610.1054172,678.0950048,747.5297472,769.458571
Degree,East,16 to 21,Female,Mixed,944,949.8665623,973.7073569,1025.820022,1096.710382
Degree,East,16 to 21,Female,Asian,708,807.4569961,823.9652782,884.2456325,914.2386165
Degree,East,16 to 21,Female,Black,274,328.4285,335.4749868,410.7865937,465.4936315
Degree,East,16 to 21,Female,Other,112,204.4687659,228.2432864,259.7789758,268.6937582
Degree,East,22 to 25,Male,White,828,896.2930089,945.6036819,975.3007932,986.154718
Degree,East,22 to 25,Male,Mixed,446,447.2017221,526.5605281,586.4560484,640.6169801
Degree,East,22 to 25,Male,Asian,19,65.65523822,73.52270847,156.2284459,200.0329938
Degree,East,22 to 25,Male,Black,380,443.1939603,459.2650161,528.3388672,543.8511491
Degree,East,22 to 25,Male,Other,634,654.1016781,691.341631,728.9168264,756.4558238
Degree,East,22 to 25,Female,White,724,769.1315695,794.2901574,869.9320998,883.9356897
Degree,East,22 to 25,Female,Mixed,230,274.2553231,359.3808147,440.9240562,516.6419732
Degree,East,22 to 25,Female,Asian,632,670.9491748,716.4854814,727.8497519,821.7969786
Degree,East,22 to 25,Female,Black,702,763.1344293,854.9461829,892.9658364,906.4838673
Degree,East,22 to 25,Female,Other,162,164.5936389,263.7622361,275.4098722,316.8206169
Degree,East,26 to 29,Male,White,784,846.6270088,875.8688646,896.7792251,955.7493434
Degree,East,26 to 29,Male,Mixed,56,131.7412113,204.5463692,224.0008436,232.4161914
Degree,East,26 to 29,Male,Asian,60,67.24331135,81.30561296,165.9154404,222.0120527
Degree,East,26 to 29,Male,Black,163,168.0945705,265.4812751,325.5921826,413.4096431
Degree,East,26 to 29,Male,Other,350,377.6196572,390.668253,401.2524868,466.4372595
Degree,East,26 to 29,Female,White,778,819.226681,862.728121,901.4247181,961.9078344
Degree,East,26 to 29,Female,Mixed,93,123.6454039,167.2690498,168.8966944,267.6479914
Degree,East,26 to 29,Female,Asian,884,905.8530063,916.0949747,999.6382895,1085.689275
Degree,East,26 to 29,Female,Black,141,236.9453291,298.1614422,324.3765325,332.1159486
Degree,East,26 to 29,Female,Other,293,384.7545338,426.4774203,522.8018272,563.6529119
Degree,East Midlands,16 to 21,Male,White,392,436.1734509,442.0253641,535.94839,573.8408949
Degree,East Midlands,16 to 21,Male,Mixed,503,601.885706,658.5479895,719.3640043,728.7020605
Degree,East Midlands,16 to 21,Male,Asian,623,670.1879454,709.8215839,737.6205531,821.6611806
Degree,East Midlands,16 to 21,Male,Black,150,209.5354835,298.9938325,364.0808769,409.354256
Degree,East Midlands,16 to 21,Male,Other,852,885.4049429,933.52942,987.513046,1001.811704
Degree,East Midlands,16 to 21,Female,White,792,881.4691867,898.667544,937.0263212,1025.957971
Degree,East Midlands,16 to 21,Female,Mixed,165,246.6585183,289.2786639,325.2360331,408.9707131
Degree,East Midlands,16 to 21,Female,Asian,787,854.9962508,897.187814,955.1528509,1044.127389
Degree,East Midlands,16 to 21,Female,Black,634,641.658289,652.105438,684.5853869,734.2970734
Degree,East Midlands,16 to 21,Female,Other,786,877.2580891,972.6651416,1033.495113,1037.43495
Degree,East Midlands,22 to 25,Male,White,643,679.7713765,737.4540665,782.1966592,850.4760102
Degree,East Midlands,22 to 25,Male,Mixed,695,790.2702974,872.9418484,891.9547632,957.1984924
Degree,East Midlands,22 to 25,Male,Asian,97,166.1901797,249.543218,275.0633325,298.8198935
Degree,East Midlands,22 to 25,Male,Black,809,865.9825204,937.6010769,989.820921,1058.106765
Degree,East Midlands,22 to 25,Male,Other,201,237.2235552,241.1956731,262.0042394,342.9311927
Degree,East Midlands,22 to 25,Female,White,113,207.7286798,214.3234901,274.8838304,350.6390972
Degree,East Midlands,22 to 25,Female,Mixed,237,263.6213421,274.1296621,366.1494696,460.3526387
Degree,East Midlands,22 to 25,Female,Asian,96,161.7347855,194.3523408,289.2377572,345.999908
Degree,East Midlands,22 to 25,Female,Black,253,282.2184614,380.7150489,468.6322661,492.4362912
Degree,East Midlands,22 to 25,Female,Other,369,380.3540357,465.1929124,549.9013006,563.5218537
Degree,East Midlands,26 to 29,Male,White,37,43.68632139,46.56262273,121.144209,189.4513364
Degree,East Midlands,26 to 29,Male,Mixed,776,781.1637593,791.0236511,805.7632486,868.1235699
Degree,East Midlands,26 to 29,Male,Asian,774,822.8720364,902.5279708,990.5211612,1073.117262
Degree,East Midlands,26 to 29,Male,Black,129,131.3058694,137.506715,226.2259529,319.4699846
Degree,East Midlands,26 to 29,Male,Other,84,170.8761387,243.3643425,294.5667099,360.005691
Degree,East Midlands,26 to 29,Female,White,467,504.3671746,586.7441576,587.5530512,632.8920614
Degree,East Midlands,26 to 29,Female,Mixed,346,353.7799476,427.746529,446.6291615,464.2059091
Degree,East Midlands,26 to 29,Female,Asian,756,853.4253955,896.4959222,914.8928003,979.4024712
Degree,East Midlands,26 to 29,Female,Black,611,670.5905747,691.2496987,698.8521879,765.207376
Degree,East Midlands,26 to 29,Female,Other,153,215.1336938,299.0631928,378.2369222,436.0556768
Degree,London,16 to 21,Male,White,338,434.3696989,529.6302198,624.371117,635.1590559
Degree,London,16 to 21,Male,Mixed,336,339.2192888,403.4670547,465.3443798,558.3582048
Degree,London,16 to 21,Male,Asian,926,974.6589959,1025.595895,1103.283049,1197.935954
Degree,London,16 to 21,Male,Black,438,511.2718599,537.3702817,583.3028163,584.8516777
Degree,London,16 to 21,Male,Other,82,136.1003407,205.781132,206.8421261,231.1060402
Degree,London,16 to 21,Female,White,660,675.8011154,771.8778968,790.1895945,825.5810081
Degree,London,16 to 21,Female,Mixed,369,461.6538359,559.4632833,635.8689893,723.8219525
Degree,London,16 to 21,Female,Asian,369,371.2545188,413.2126218,452.3533768,537.344678
Degree,London,16 to 21,Female,Black,517,521.9826292,583.9778469,614.1148072,656.1953395
Degree,London,16 to 21,Female,Other,804,832.4634777,859.7352966,880.3355671,962.2991115
Degree,London,22 to 25,Male,White,444,457.3929781,536.4260261,632.7828587,654.2530913
Degree,London,22 to 25,Male,Mixed,226,255.9610113,348.1640683,422.9080285,422.9859904
Degree,London,22 to 25,Male,Asian,816,821.0761414,851.5599799,876.9150265,972.8942369
Degree,London,22 to 25,Male,Black,368,451.9598865,506.8624314,596.3488057,666.7273781
Degree,London,22 to 25,Male,Other,833,859.9425668,936.0513264,1010.218439,1036.641236
Degree,London,22 to 25,Female,White,531,564.130772,649.0370896,723.7271498,779.0285325
Degree,London,22 to 25,Female,Mixed,28,125.8078715,174.2805735,180.9582973,251.8790054
Degree,London,22 to 25,Female,Asian,713,716.4468053,737.3618646,762.0668482,785.5734986
Degree,London,22 to 25,Female,Black,112,121.5845833,207.5718701,245.0914959,293.0595371
Degree,London,22 to 25,Female,Other,663,759.0713879,800.1855121,876.8508931,897.7819324
Degree,London,26 to 29,Male,White,643,718.993322,750.3750283,782.4383543,798.8776908
Degree,London,26 to 29,Male,Mixed,884,922.0313483,949.8865122,1039.682305,1078.745324
Degree,London,26 to 29,Male,Asian,824,834.1728893,884.1376804,978.2820483,1037.930724
Degree,London,26 to 29,Male,Black,758,820.9495935,914.4789977,973.063883,1013.106291
Degree,London,26 to 29,Male,Other,96,148.2255946,152.4562457,165.3296698,257.7217322
Degree,London,26 to 29,Female,White,632,684.9888011,711.93459,761.3049553,778.4069757
Degree,London,26 to 29,Female,Mixed,163,213.8228575,271.4375781,339.3007239,384.8263596
Degree,London,26 to 29,Female,Asian,99,152.3496215,195.3776714,233.7212116,266.377039
Degree,London,26 to 29,Female,Black,267,292.678884,390.3225518,458.4525434,461.3005826
Degree,London,26 to 29,Female,Other,353,391.3420728,398.925314,482.2046057,545.222027
Degree,North East,16 to 21,Male,White,378,462.8813473,519.3870078,531.8215911,589.149819
Degree,North East,16 to 21,Male,Mixed,776,790.1864545,873.5877564,949.9766571,1035.329959
Degree,North East,16 to 21,Male,Asian,170,251.1693618,256.1897614,275.5282956,363.037837
Degree,North East,16 to 21,Male,Black,458,467.2693951,523.641895,620.2733408,660.3657996
Degree,North East,16 to 21,Male,Other,382,465.5557269,510.9417143,519.2860218,607.1404625
Degree,North East,16 to 21,Female,White,528,551.0054432,561.9354661,577.2515051,612.2832478
Degree,North East,16 to 21,Female,Mixed,519,574.7288382,636.9884641,692.8157356,734.6845691
Degree,North East,16 to 21,Female,Asian,473,478.3132896,479.9724184,481.7205251,521.5359697
Degree,North East,16 to 21,Female,Black,650,732.2500297,759.9379657,858.2937933,865.9651204
Degree,North East,16 to 21,Female,Other,317,361.5451811,431.5534644,519.5095344,596.5301958
Degree,North East,22 to 25,Male,White,884,915.3519319,952.112651,1012.372989,1074.418708
Degree,North East,22 to 25,Male,Mixed,152,154.8052452,208.115285,280.781311,321.6665697
Degree,North East,22 to 25,Male,Asian,492,589.2092952,615.1489405,695.8408828,760.2192332
Degree,North East,22 to 25,Male,Black,778,872.1439539,920.7603076,932.8977122,945.1983599
Degree,North East,22 to 25,Male,Other,395,443.2975071,446.850849,461.3939121,526.4376233
Degree,North East,22 to 25,Female,White,31,79.94442543,85.63839768,145.0476805,221.1358606
Degree,North East,22 to 25,Female,Mixed,534,579.9641775,661.5430107,732.6850762,738.3825031
Degree,North East,22 to 25,Female,Asian,120,179.7337978,278.8136714,357.295547,443.1889599
Degree,North East,22 to 25,Female,Black,115,159.4561225,184.221304,253.7244495,335.3166534
Degree,North East,22 to 25,Female,Other,61,75.51173173,167.0275436,223.4327739,280.5686491
Degree,North East,26 to 29,Male,White,174,201.9750052,255.1648442,335.7190884,394.8252456
Degree,North East,26 to 29,Male,Mixed,78,110.8439641,179.031138,196.7432661,231.2685285
Degree,North East,26 to 29,Male,Asian,284,321.6195313,339.1600054,378.8845208,473.8950028
Degree,North East,26 to 29,Male,Black,963,971.0464073,1002.457804,1030.98592,1064.241305
Degree,North East,26 to 29,Male,Other,985,1067.95753,1127.652263,1215.235015,1279.746871
Degree,North East,26 to 29,Female,White,429,443.2302852,462.6054685,533.5396349,553.6499044
Degree,North East,26 to 29,Female,Mixed,19,77.04743691,86.29295185,172.4120595,238.2192924
Degree,North East,26 to 29,Female,Asian,143,209.8384848,267.3908235,288.1831934,355.9489165
Degree,North East,26 to 29,Female,Black,517,554.9897786,610.4099693,651.9112546,696.9820976
Degree,North East,26 to 29,Female,Other,447,501.0864562,576.1391461,608.643196,693.8550074
Degree,North West,16 to 21,Male,White,357,438.637742,465.8752696,539.5919527,562.1022491
Degree,North West,16 to 21,Male,Mixed,108,142.0421493,156.7816524,228.3517342,233.8852885
Degree,North West,16 to 21,Male,Asian,170,178.9174278,202.1904366,289.622372,357.7345919
Degree,North West,16 to 21,Male,Black,317,375.7191032,443.9667637,519.0251752,537.1962174
Degree,North West,16 to 21,Male,Other,219,292.3693159,321.5825228,342.8645852,405.3583548
Degree,North West,16 to 21,Female,White,678,759.4029433,837.2184866,865.5398988,892.7384097
Degree,North West,16 to 21,Female,Mixed,973,1044.693401,1069.298712,1154.403404,1176.560094
Degree,North West,16 to 21,Female,Asian,514,522.5664665,564.9234036,602.883127,669.4864265
Degree,North West,16 to 21,Female,Black,305,329.1162196,419.4709268,473.7370271,479.1678699
Degree,North West,16 to 21,Female,Other,132,195.7220083,266.5143023,361.2050768,380.2907961
Degree,North West,22 to 25,Male,White,758,799.8879812,886.3731805,934.4921679,961.0811638
Degree,North West,22 to 25,Male,Mixed,473,505.4728715,591.4213023,668.652058,720.6168325
Degree,North West,22 to 25,Male,Asian,456,553.8818798,634.65436,658.9753304,732.2390807
Degree,North West,22 to 25,Male,Black,118,154.5949041,215.9751496,296.1180856,394.9739559
Degree,North West,22 to 25,Male,Other,835,889.0715998,934.2806505,968.3536015,1050.51721
Degree,North West,22 to 25,Female,White,491,496.0179503,593.9828358,690.3834559,697.9010417
Degree,North West,22 to 25,Female,Mixed,568,621.795255,639.3323815,735.9692477,741.9067423
Degree,North West,22 to 25,Female,Asian,699,727.8662938,731.4838809,787.5387644,803.0325427
Degree,North West,22 to 25,Female,Black,347,440.0955994,460.1377228,524.5553814,618.2614517
Degree,North West,22 to 25,Female,Other,555,644.188932,736.7610417,775.2942056,791.5169175
Degree,North West,26 to 29,Male,White,871,962.1713318,1041.104255,1060.714927,1103.610388
Degree,North West,26 to 29,Male,Mixed,354,446.5000917,497.8402438,576.0814737,669.4213442
Degree,North West,26 to 29,Male,Asian,547,557.8084477,566.8487369,655.9518212,670.4469529
Degree,North West,26 to 29,Male,Black,478,568.6060835,578.9524747,583.0469646,661.4835095
Degree,North West,26 to 29,Male,Other,149,240.7403999,337.8942654,379.3994614,420.7800776
Degree,North West,26 to 29,Female,White,372,388.6871291,464.6261847,465.2387505,532.2606782
Degree,North West,26 to 29,Female,Mixed,470,482.1955158,536.6205722,630.4070566,638.985033
Degree,North West,26 to 29,Female,Asian,563,645.9016231,663.4556837,671.3778651,726.3597574
Degree,North West,26 to 29,Female,Black,67,70.88783118,95.00719077,124.9786052,202.7747918
Degree,North West,26 to 29,Female,Other,614,644.6658654,726.1988231,763.1908435,789.5556726
Degree,South East,16 to 21,Male,White,563,653.0607493,674.8374688,675.714258,759.4726824
Degree,South East,16 to 21,Male,Mixed,89,107.5693052,205.4976588,299.9338004,314.7964353
Degree,South East,16 to 21,Male,Asian,958,1053.563305,1132.063538,1133.996507,1212.183043
Degree,South East,16 to 21,Male,Black,233,252.4345476,276.7641295,371.1211905,373.6888337
Degree,South East,16 to 21,Male,Other,443,513.1697459,570.8016317,628.8307779,704.169895
Degree,South East,16 to 21,Female,White,580,645.6913795,665.1964715,727.8910425,774.048426
Degree,South East,16 to 21,Female,Mixed,127,221.8933213,248.8598601,346.8761532,441.589107
Degree,South East,16 to 21,Female,Asian,409,470.5939579,511.2929977,562.9894061,648.130645
Degree,South East,16 to 21,Female,Black,419,462.2264958,470.8890318,526.9143226,544.1032811
Degree,South East,16 to 21,Female,Other,521,595.0163251,644.588529,720.828417,804.9201982
Degree,South East,22 to 25,Male,White,915,966.2429292,1055.583419,1149.363495,1192.774109
Degree,South East,22 to 25,Male,Mixed,686,752.8327325,783.8399531,880.6500814,903.4392203
Degree,South East,22 to 25,Male,Asian,375,407.0479077,497.9117317,502.1397926,597.9461428
Degree,South East,22 to 25,Male,Black,477,521.6729396,573.4839145,621.4571526,686.1226395
Degree,South East,22 to 25,Male,Other,714,769.0529398,848.4349813,912.2046784,946.7330697
Degree,South East,22 to 25,Female,White,720,768.1060233,833.8962415,862.6994757,929.7608864
Degree,South East,22 to 25,Female,Mixed,811,864.1721387,899.1530306,939.9872603,967.950382
Degree,South East,22 to 25,Female,Asian,938,999.7689715,1006.032597,1013.472372,1105.64942
Degree,South East,22 to 25,Female,Black,378,406.3096325,424.6998482,426.0340084,519.0390144
Degree,South East,22 to 25,Female,Other,945,999.0355013,1004.409215,1027.632337,1096.707949
Degree,South East,26 to 29,Male,White,625,638.0326817,711.4176868,761.4587202,790.9313435
Degree,South East,26 to 29,Male,Mixed,387,400.9984765,464.8795928,538.1022307,631.185943
Degree,South East,26 to 29,Male,Asian,26,30.54077937,33.50144776,131.1365869,226.2694848
Degree,South East,26 to 29,Male,Black,855,935.3644421,939.2167343,1004.798877,1013.790361
Degree,South East,26 to 29,Male,Other,468,555.7733942,613.5812541,646.0712373,724.2972501
Degree,South East,26 to 29,Female,White,487,489.529265,579.7487731,584.6835345,633.9603419
Degree,South East,26 to 29,Female,Mixed,216,311.6448277,355.8845736,399.4249566,403.5907099
Degree,South East,26 to 29,Female,Asian,994,1073.25664,1125.449165,1126.775434,1172.59596
Degree,South East,26 to 29,Female,Black,300,367.953938,412.6966084,499.2776975,510.9158353
Degree,South East,26 to 29,Female,Other,824,923.8624421,973.7945708,1051.009363,1100.474596
Degree,South West,16 to 21,Male,White,385,410.7991227,472.3302365,565.1270351,583.9814696
Degree,South West,16 to 21,Male,Mixed,679,704.0654849,747.9078499,771.6501795,804.8497577
Degree,South West,16 to 21,Male,Asian,19,19.46288377,95.80795548,166.8572445,180.7121081
Degree,South West,16 to 21,Male,Black,81,163.7801119,244.1530517,258.7812999,286.9100921
Degree,South West,16 to 21,Male,Other,913,992.8671922,1081.628776,1174.078336,1255.833125
Degree,South West,16 to 21,Female,White,741,775.3190882,819.831923,843.571297,854.5897031
Degree,South West,16 to 21,Female,Mixed,437,508.2881641,542.8938013,576.7989442,641.857916
Degree,South West,16 to 21,Female,Asian,35,53.32873837,58.39671776,103.4501825,174.1778308
Degree,South West,16 to 21,Female,Black,753,822.6687456,874.9264812,902.9370005,990.8012684
Degree,South West,16 to 21,Female,Other,547,615.2085438,671.1511527,700.4837914,749.7710071
Degree,South West,22 to 25,Male,White,988,1042.178078,1070.180063,1095.399318,1138.253419
Degree,South West,22 to 25,Male,Mixed,457,498.3777272,499.7337342,589.8219619,639.8981725
Degree,South West,22 to 25,Male,Asian,147,161.9975494,253.0664449,281.2682731,325.8406426
Degree,South West,22 to 25,Male,Black,333,361.5014609,398.2521016,468.0390503,540.9373848
Degree,South West,22 to 25,Male,Other,71,146.6981037,195.5221495,249.9064429,277.6026109
Degree,South West,22 to 25,Female,White,84,108.1610081,111.4100273,162.7290423,261.445567
Degree,South West,22 to 25,Female,Mixed,406,464.1091947,471.8778626,558.6689483,585.8306037
Degree,South West,22 to 25,Female,Asian,927,995.8206123,1085.313639,1135.990812,1177.689779
Degree,South West,22 to 25,Female,Black,572,642.2637119,722.3700218,746.5111016,827.433488
Degree,South West,22 to 25,Female,Other,185,257.3750021,334.0566325,351.159197,416.0484465
Degree,South West,26 to 29,Male,White,477,516.7774081,571.633252,620.2769934,621.1201552
Degree,South West,26 to 29,Male,Mixed,902,968.1094862,1029.082519,1117.062193,1205.919999
Degree,South West,26 to 29,Male,Asian,843,844.6651831,930.723936,1014.753375,1111.748431
Degree,South West,26 to 29,Male,Black,34,80.99109076,148.6151416,175.891644,268.6027745
Degree,South West,26 to 29,Male,Other,573,662.7861317,707.4580436,753.0544918,822.1298942
Degree,South West,26 to 29,Female,White,488,559.7074292,590.5508475,591.771583,630.855455
Degree,South West,26 to 29,Female,Mixed,257,349.3856159,350.4552179,380.571505,450.6470592
Degree,South West,26 to 29,Female,Asian,900,999.2399083,1097.492261,1105.182154,1140.197867
Degree,South West,26 to 29,Female,Black,793,870.2851526,927.3170443,934.6471353,950.515604
Degree,South West,26 to 29,Female,Other,684,757.1043919,783.2941752,850.2373625,855.6733272
Degree,Wales,16 to 21,Male,White,336,434.552925,462.6854077,560.1899619,651.7325197
Degree,Wales,16 to 21,Male,Mixed,483,553.892118,611.1581613,626.0859747,626.8435415
Degree,Wales,16 to 21,Male,Asian,880,928.5677843,978.9552905,1035.379702,1129.820248
Degree,Wales,16 to 21,Male,Black,359,407.8618121,458.4650702,490.1266204,536.3651221
Degree,Wales,16 to 21,Male,Other,982,1053.594772,1128.001215,1164.719193,1166.241175
Degree,Wales,16 to 21,Female,White,695,705.2307786,791.8233173,807.8119099,883.107103
Degree,Wales,16 to 21,Female,Mixed,704,778.3940517,843.6787595,908.0674235,999.532166
Degree,Wales,16 to 21,Female,Asian,945,964.9679329,1063.520318,1156.417623,1242.284455
Degree,Wales,16 to 21,Female,Black,170,214.2326255,242.3856076,258.8154601,323.9934646
Degree,Wales,16 to 21,Female,Other,560,645.6684365,723.2913347,750.8221217,795.7448672
Degree,Wales,22 to 25,Male,White,432,498.5070106,542.6238146,568.1177282,655.2141293
Degree,Wales,22 to 25,Male,Mixed,221,312.4185541,339.1071861,349.7645072,377.1891009
Degree,Wales,22 to 25,Male,Asian,291,317.9832582,343.0329108,352.4560571,442.8139264
Degree,Wales,22 to 25,Male,Black,424,475.9336844,513.3855731,546.4710327,625.3968666
Degree,Wales,22 to 25,Male,Other,920,955.5720913,972.6317233,980.9772147,1078.820283
Degree,Wales,22 to 25,Female,White,693,725.3290288,808.8061709,854.3612455,920.2909318
Degree,Wales,22 to 25,Female,Mixed,477,502.2725066,571.4973146,580.7722133,632.9837819
Degree,Wales,22 to 25,Female,Asian,923,962.3773559,1059.532943,1061.620598,1067.890466
Degree,Wales,22 to 25,Female,Black,650,714.363086,781.36526,838.2267358,935.5782855
Degree,Wales,22 to 25,Female,Other,995,1075.199832,1101.397534,1196.153742,1242.094262
Degree,Wales,26 to 29,Male,White,466,496.9164098,550.6917438,641.4703321,689.5632903
Degree,Wales,26 to 29,Male,Mixed,971,1035.749674,1095.59451,1160.826131,1257.589181
Degree,Wales,26 to 29,Male,Asian,44,125.7260598,189.7110645,209.4705235,248.0786118
Degree,Wales,26 to 29,Male,Black,711,725.109696,818.4263768,889.2489919,931.1215132
Degree,Wales,26 to 29,Male,Other,41,47.38126579,113.7235706,146.8436057,226.7733671
Degree,Wales,26 to 29,Female,White,634,702.7986378,718.1575003,723.2704646,725.9933582
Degree,Wales,26 to 29,Female,Mixed,461,490.8104513,536.8584598,617.8042927,677.4806968
Degree,Wales,26 to 29,Female,Asian,964,1005.39031,1046.869301,1126.091431,1148.956313
Degree,Wales,26 to 29,Female,Black,58,142.3452268,176.1682744,182.2709718,186.9032676
Degree,Wales,26 to 29,Female,Other,53,102.7166832,109.0314538,196.8904277,283.1248165
Degree,West Midlands,16 to 21,Male,White,887,962.747844,1014.72546,1067.600184,1166.155906
Degree,West Midlands,16 to 21,Male,Mixed,683,747.4511828,768.0034563,794.1853943,888.1412297
Degree,West Midlands,16 to 21,Male,Asian,319,401.3873604,441.8780171,483.2491866,576.3054109
Degree,West Midlands,16 to 21,Male,Black,533,615.1762639,690.0659177,751.1824104,814.4594045
Degree,West Midlands,16 to 21,Male,Other,493,592.2265315,653.981922,669.8987325,672.736015
Degree,West Midlands,16 to 21,Female,White,636,732.7249502,766.6954222,851.1808301,860.7483243
Degree,West Midlands,16 to 21,Female,Mixed,137,161.6482875,261.4940834,356.0204731,390.4884441
Degree,West Midlands,16 to 21,Female,Asian,781,824.5148737,897.8222063,906.2298822,945.3969284
Degree,West Midlands,16 to 21,Female,Black,562,633.794363,637.1409373,681.8587229,688.6603275
Degree,West Midlands,16 to 21,Female,Other,215,270.6052946,352.7747445,438.0174923,461.2851955
Degree,West Midlands,22 to 25,Male,White,468,479.4184087,508.0451287,566.0469453,639.7602893
Degree,West Midlands,22 to 25,Male,Mixed,964,1052.802003,1098.945555,1113.065246,1199.142678
Degree,West Midlands,22 to 25,Male,Asian,1,18.01238421,110.3635569,198.7961908,213.266012
Degree,West Midlands,22 to 25,Male,Black,943,1007.870665,1031.713907,1125.568045,1182.342774
Degree,West Midlands,22 to 25,Male,Other,998,1094.977667,1137.449077,1162.405799,1199.44374
Degree,West Midlands,22 to 25,Female,White,422,429.4974855,484.0914992,485.1996617,560.194248
Degree,West Midlands,22 to 25,Female,Mixed,684,722.8604829,822.3389971,919.0262317,941.5042191
Degree,West Midlands,22 to 25,Female,Asian,309,383.07362,400.2793675,400.3566584,486.510993
Degree,West Midlands,22 to 25,Female,Black,795,851.5663076,945.6884069,975.8616448,1046.762473
Degree,West Midlands,22 to 25,Female,Other,497,542.0127773,548.2420661,554.9477597,590.7603102
Degree,West Midlands,26 to 29,Male,White,625,713.3636342,755.0263012,822.889754,917.3910605
Degree,West Midlands,26 to 29,Male,Mixed,792,815.4011466,894.9910343,907.6206835,918.6923189
Degree,West Midlands,26 to 29,Male,Asian,551,634.6513804,676.9237692,759.2252035,762.49132
Degree,West Midlands,26 to 29,Male,Black,746,802.1722174,859.5088296,931.8877089,987.961494
Degree,West Midlands,26 to 29,Male,Other,298,395.6539914,428.2190789,455.0639874,535.3617104
Degree,West Midlands,26 to 29,Female,White,71,95.81957485,160.4341736,185.018302,243.2069002
Degree,West Midlands,26 to 29,Female,Mixed,996,1070.076473,1110.975394,1203.338582,1284.248118
Degree,West Midlands,26 to 29,Female,Asian,997,998.1475074,1049.039083,1084.462917,1170.804411
Degree,West Midlands,26 to 29,Female,Black,859,939.0969046,1011.857026,1070.575181,1078.32055
Degree,West Midlands,26 to 29,Female,Other,743,821.9309282,919.6718424,988.076247,1030.954589
Degree,Yorkshire and The Humber,16 to 21,Male,White,725,808.239224,899.5450484,925.3323716,949.5382039
Degree,Yorkshire and The Humber,16 to 21,Male,Mixed,261,298.1848943,343.1211738,420.8143855,453.8300531
Degree,Yorkshire and The Humber,16 to 21,Male,Asian,571,637.4869481,729.4553405,823.4156814,845.9542273
Degree,Yorkshire and The Humber,16 to 21,Male,Black,42,85.33148742,159.1017835,191.1417795,265.6735723
Degree,Yorkshire and The Humber,16 to 21,Male,Other,83,181.3524659,227.7962067,265.0119545,362.0709555
Degree,Yorkshire and The Humber,16 to 21,Female,White,605,699.4095711,746.3068386,801.0714586,893.3069586
Degree,Yorkshire and The Humber,16 to 21,Female,Mixed,351,404.0199185,441.5620624,538.0946081,549.4464871
Degree,Yorkshire and The Humber,16 to 21,Female,Asian,594,645.2520459,718.4644593,762.9759192,820.7345934
Degree,Yorkshire and The Humber,16 to 21,Female,Black,969,973.6566232,1071.608308,1142.344123,1180.787605
Degree,Yorkshire and The Humber,16 to 21,Female,Other,905,924.5237427,991.4987807,1029.163824,1067.062913
Degree,Yorkshire and The Humber,22 to 25,Male,White,713,719.2639475,795.9046028,846.0308812,857.9673744
Degree,Yorkshire and The Humber,22 to 25,Male,Mixed,506,568.7948722,639.1358018,691.0777577,754.8366216
Degree,Yorkshire and The Humber,22 to 25,Male,Asian,973,1056.777674,1088.766229,1163.357256,1176.049691
Degree,Yorkshire and The Humber,22 to 25,Male,Black,634,639.38284,678.2486234,771.9775631,813.8451137
Degree,Yorkshire and The Humber,22 to 25,Male,Other,800,822.6094557,838.3489955,868.7152588,957.7748347
Degree,Yorkshire and The Humber,22 to 25,Female,White,38,107.9779157,110.0755851,135.0288465,227.4460477
Degree,Yorkshire and The Humber,22 to 25,Female,Mixed,633,716.9590692,790.1369031,873.7211329,938.8696868
Degree,Yorkshire and The Humber,22 to 25,Female,Asian,688,750.1887894,776.493732,780.1182553,812.3602509
Degree,Yorkshire and The Humber,22 to 25,Female,Black,428,468.2596418,557.5534379,605.9905479,622.1960734
Degree,Yorkshire and The Humber,22 to 25,Female,Other,779,820.8667462,895.6772246,947.350117,971.6232289
Degree,Yorkshire and The Humber,26 to 29,Male,White,136,233.2843353,304.5668475,377.974387,456.5228645
Degree,Yorkshire and The Humber,26 to 29,Male,Mixed,37,47.45813221,67.12302209,162.5067486,261.9007359
Degree,Yorkshire and The Humber,26 to 29,Male,Asian,303,383.1991172,476.4652521,482.4706693,485.2796535
Degree,Yorkshire and The Humber,26 to 29,Male,Black,462,468.4612756,470.4368529,518.5352113,573.7070137
Degree,Yorkshire and The Humber,26 to 29,Male,Other,670,735.9194058,758.8864497,815.0846587,839.2566504
Degree,Yorkshire and The Humber,26 to 29,Female,White,846,880.4044492,966.5005399,1048.182048,1059.811485
Degree,Yorkshire and The Humber,26 to 29,Female,Mixed,293,298.5800316,371.1423521,406.1583021,417.0584636
Degree,Yorkshire and The Humber,26 to 29,Female,Asian,987,1017.221401,1080.384759,1107.261184,1156.450974
Degree,Yorkshire and The Humber,26 to 29,Female,Black,563,571.1574437,657.4343526,692.0767002,743.732188
Degree,Yorkshire and The Humber,26 to 29,Female,Other,605,631.3329451,674.9591327,742.5093711,759.2485772
School,East,16 to 21,Male,White,668,727.4574455,729.725001,737.9960292,792.5099264
School,East,16 to 21,Male,Mixed,463,555.8390707,572.1810592,592.2646745,644.0047401
School,East,16 to 21,Male,Asian,884,900.9351639,915.5872482,981.0191783,1043.004268
School,East,16 to 21,Male,Black,143,187.9221031,274.8234284,356.8933797,436.0004564
School,East,16 to 21,Male,Other,575,664.0787435,670.5523747,680.1506588,756.3906143
School,East,16 to 21,Female,White,325,342.4486596,405.3850911,466.7462694,550.07261
School,East,16 to 21,Female,Mixed,196,292.7520717,308.0415499,372.4868887,430.2210202
School,East,16 to 21,Female,Asian,10,98.98979672,183.0818994,199.6464095,236.9199587
School,East,16 to 21,Female,Black,188,194.8552671,272.317762,318.136505,390.4243254
School,East,16 to 21,Female,Other,280,334.4336877,359.1525741,363.9642048,407.335987
School,East,22 to 25,Male,White,143,195.7014262,211.7016759,215.9081362,259.8206253
School,East,22 to 25,Male,Mixed,658,692.975283,755.5080941,807.9752336,850.5590796
School,East,22 to 25,Male,Asian,102,163.2844183,174.7266504,183.902256,205.9606239
School,East,22 to 25,Male,Black,506,598.7688611,680.8278016,722.0081667,777.2096697
School,East,22 to 25,Male,Other,263,283.5072385,313.0749905,403.4062417,412.9957123
School,East,22 to 25,Female,White,909,972.3388196,988.8646902,1015.719747,1068.477579
School,East,22 to 25,Female,Mixed,563,626.1089753,645.2229809,734.6619713,773.952505
School,East,22 to 25,Female,Asian,229,276.4228046,361.2612786,459.8485147,536.5289823
School,East,22 to 25,Female,Black,334,428.8864005,446.5812233,453.7867362,481.7089353
School,East,22 to 25,Female,Other,655,737.9845084,778.3705632,802.0164645,838.7604182
School,East,26 to 29,Male,White,33,123.7796626,188.8527576,189.3841146,274.6413872
School,East,26 to 29,Male,Mixed,309,391.1885807,404.5734917,451.982338,536.7792009
School,East,26 to 29,Male,Asian,577,611.8631283,677.2064772,682.1264555,695.1097034
School,East,26 to 29,Male,Black,878,956.2182831,1033.593965,1088.144532,1110.591533
School,East,26 to 29,Male,Other,949,1033.244301,1089.292064,1184.810635,1239.897194
School,East,26 to 29,Female,White,480,491.5322128,575.6640994,653.8052503,694.5644322
School,East,26 to 29,Female,Mixed,740,827.8259774,917.873172,978.0087689,1022.585882
School,East,26 to 29,Female,Asian,25,111.5376819,136.7236611,208.9120949,245.7546308
School,East,26 to 29,Female,Black,560,654.1228439,685.4216854,762.4986422,794.6843528
School,East,26 to 29,Female,Other,161,193.1047078,282.4018295,283.4954284,331.5023368
School,East Midlands,16 to 21,Male,White,122,149.7851262,203.5744329,301.6640046,385.5425519
School,East Midlands,16 to 21,Male,Mixed,442,471.9954633,563.557121,583.9998967,627.3320247
School,East Midlands,16 to 21,Male,Asian,339,425.5162717,436.3915643,505.1401643,540.1285922
School,East Midlands,16 to 21,Male,Black,643,736.7956213,742.1178519,771.0854954,783.0127114
School,East Midlands,16 to 21,Male,Other,384,398.2456358,425.7271954,497.6612153,561.9403839
School,East Midlands,16 to 21,Female,White,332,423.0913542,514.8510041,565.0031704,589.7804301
School,East Midlands,16 to 21,Female,Mixed,625,639.1461619,676.6085853,729.1260287,762.4234151
School,East Midlands,16 to 21,Female,Asian,433,463.7001764,538.3026856,610.4106655,645.9783226
School,East Midlands,16 to 21,Female,Black,784,863.6443479,898.0349221,962.5082434,1031.700672
School,East Midlands,16 to 21,Female,Other,990,1074.607282,1088.534795,1140.012738,1192.075088
School,East Midlands,22 to 25,Male,White,649,649.1206349,736.4295588,753.8978439,772.5115945
School,East Midlands,22 to 25,Male,Mixed,794,891.9120794,923.5000726,1023.148543,1119.759826
School,East Midlands,22 to 25,Male,Asian,340,395.0265895,468.0944229,560.0069517,571.7091734
School,East Midlands,22 to 25,Male,Black,248,263.2819022,287.3777113,353.4043635,447.3847851
School,East Midlands,22 to 25,Male,Other,817,849.4701965,850.2138648,946.5867448,1030.855379
School,East Midlands,22 to 25,Female,White,549,593.7074496,635.3872739,687.1892894,779.7954544
School,East Midlands,22 to 25,Female,Mixed,897,984.0846628,1049.811356,1070.201473,1075.502711
School,East Midlands,22 to 25,Female,Asian,321,359.1790498,449.4448038,493.620849,568.461696
School,East Midlands,22 to 25,Female,Black,225,231.6329214,283.3821036,294.8752455,375.8839528
School,East Midlands,22 to 25,Female,Other,717,815.9113549,840.2405273,863.8678163,907.8265957
School,East Midlands,26 to 29,Male,White,108,113.9885208,203.1348264,250.6862387,288.237239
School,East Midlands,26 to 29,Male,Mixed,581,640.233485,733.5048581,798.29435,885.4656613
School,East Midlands,26 to 29,Male,Asian,536,615.4823241,660.2960442,675.4251643,754.3328813
School,East Midlands,26 to 29,Male,Black,471,526.090407,544.0877597,625.287574,659.3944575
School,East Midlands,26 to 29,Male,Other,198,205.9478101,273.4829078,294.47661,316.0264269
School,East Midlands,26 to 29,Female,White,493,508.0786653,517.7561453,595.6386877,625.4062362
School,East Midlands,26 to 29,Female,Mixed,352,446.1364429,538.1457692,549.8750305,647.3314091
School,East Midlands,26 to 29,Female,Asian,637,648.911637,726.5684055,795.0092109,801.6932976
School,East Midlands,26 to 29,Female,Black,561,640.367897,699.053155,773.2379962,781.1356298
School,East Midlands,26 to 29,Female,Other,766,848.961466,857.399781,897.802376,938.123887
School,London,16 to 21,Male,White,140,201.1440205,263.8137439,327.5287131,395.8253475
School,London,16 to 21,Male,Mixed,960,1017.090384,1087.012754,1143.91513,1210.442657
School,London,16 to 21,Male,Asian,726,736.406079,762.2790471,768.6331,849.3642361
School,London,16 to 21,Male,Black,842,845.4530556,878.5010716,943.4215962,994.8245144
School,London,16 to 21,Male,Other,969,995.4135994,1033.323605,1128.673398,1187.806749
School,London,16 to 21,Female,White,988,1007.207123,1095.90926,1128.231211,1203.431648
School,London,16 to 21,Female,Mixed,767,816.6949325,817.8918189,893.1282984,962.3520724
School,London,16 to 21,Female,Asian,522,605.6410395,676.5757681,690.6956584,751.7882477
School,London,16 to 21,Female,Black,242,297.9770441,301.2424931,376.5573125,409.3859194
School,London,16 to 21,Female,Other,83,145.8305026,212.6080675,295.8787935,334.1967426
School,London,22 to 25,Male,White,866,866.2665018,922.5905545,965.5350066,1061.813619
School,London,22 to 25,Male,Mixed,2,98.65982463,98.94400906,101.8181759,137.7907524
School,London,22 to 25,Male,Asian,224,297.8544579,306.1429087,364.0370249,404.6215226
School,London,22 to 25,Male,Black,473,512.7156456,525.7552956,549.3496156,591.7205381
School,London,22 to 25,Male,Other,314,376.6764786,399.1570331,496.1972015,579.2277951
School,London,22 to 25,Female,White,368,385.9930695,397.0211711,452.0273922,511.3379541
School,London,22 to 25,Female,Mixed,541,594.9266966,637.8219181,652.6299133,679.7300237
School,London,22 to 25,Female,Asian,217,286.4862639,290.7313992,319.3268248,411.159605
School,London,22 to 25,Female,Black,857,862.5925445,892.325709,965.577163,1016.536194
School,London,22 to 25,Female,Other,840,917.7909224,963.5730615,1004.354492,1070.545507
School,London,26 to 29,Male,White,512,561.5546181,650.6654953,715.4048274,782.017722
School,London,26 to 29,Male,Mixed,758,843.9130922,932.3827179,938.8337673,986.8559575
School,London,26 to 29,Male,Asian,732,768.1055391,821.6939211,880.7604938,923.798945
School,London,26 to 29,Male,Black,801,802.3956479,839.6051907,865.9906571,896.7160947
School,London,26 to 29,Male,Other,128,170.5187348,231.8126207,325.919546,353.4511472
School,London,26 to 29,Female,White,359,417.0048966,497.7324316,553.3000634,606.7155368
School,London,26 to 29,Female,Mixed,731,799.2290739,898.9877382,958.1627937,998.2601367
School,London,26 to 29,Female,Asian,286,385.900754,437.2439834,464.6524748,491.1097259
School,London,26 to 29,Female,Black,810,856.4391123,914.2130973,974.563995,1042.324619
School,London,26 to 29,Female,Other,541,632.2886881,712.0013793,800.4739487,864.2023017
School,North East,16 to 21,Male,White,591,611.645417,632.9125727,687.5600865,784.7185717
School,North East,16 to 21,Male,Mixed,776,858.3426565,892.6610037,957.3232654,1031.685243
School,North East,16 to 21,Male,Asian,308,402.4781773,480.0061536,556.9409577,647.7774971
School,North East,16 to 21,Male,Black,866,887.4307236,963.8046777,1000.015727,1039.127063
School,North East,16 to 21,Male,Other,299,344.81498,346.2107061,419.4534555,516.9864431
School,North East,16 to 21,Female,White,210,262.5380112,329.6024513,369.9942508,426.9532553
School,North East,16 to 21,Female,Mixed,872,882.405971,970.162926,1042.468456,1075.31284
School,North East,16 to 21,Female,Asian,594,657.0665185,750.0288619,846.4809723,873.4446044
School,North East,16 to 21,Female,Black,766,864.1391548,918.6120998,921.6282376,997.5935598
School,North East,16 to 21,Female,Other,208,299.7676802,310.1738459,320.8328792,329.5019684
School,North East,22 to 25,Male,White,917,999.7518512,1001.074785,1082.789896,1093.674364
School,North East,22 to 25,Male,Mixed,153,231.8002966,241.38359,320.5807001,389.4018004
School,North East,22 to 25,Male,Asian,555,609.8593461,703.3309897,709.4437748,770.6452903
School,North East,22 to 25,Male,Black,335,393.8694977,443.6671422,532.4983574,606.9379047
School,North East,22 to 25,Male,Other,591,687.5608639,710.0604992,764.7533284,808.9605234
School,North East,22 to 25,Female,White,532,629.4274213,725.8111525,782.4888565,868.1772707
School,North East,22 to 25,Female,Mixed,678,763.0847541,767.0749868,826.5056842,885.8292161
School,North East,22 to 25,Female,Asian,334,348.107634,381.5438484,434.2716253,516.9382143
School,North East,22 to 25,Female,Black,90,151.8210042,174.7749614,198.5195619,248.6732316
School,North East,22 to 25,Female,Other,404,493.345496,505.0046055,519.5057305,521.5411455
School,North East,26 to 29,Male,White,599,664.3322915,731.6277092,824.0772756,872.0288597
School,North East,26 to 29,Male,Mixed,160,231.5747598,315.4293002,386.1903213,423.7140414
School,North East,26 to 29,Male,Asian,43,113.9186296,116.1113171,214.7445776,220.5869646
School,North East,26 to 29,Male,Black,883,965.3217413,986.9568968,1003.207969,1102.221379
School,North East,26 to 29,Male,Other,791,882.4984831,914.9161333,1007.322756,1105.672358
School,North East,26 to 29,Female,White,620,706.7377485,761.2344394,798.2070185,885.3753073
School,North East,26 to 29,Female,Mixed,34,102.0448112,141.5552109,235.8935691,287.3319103
School,North East,26 to 29,Female,Asian,520,614.1363844,638.3992016,639.7652247,679.4157466
School,North East,26 to 29,Female,Black,427,439.2364469,490.2341712,499.9808113,526.4604977
School,North East,26 to 29,Female,Other,995,1094.679067,1114.371637,1202.927542,1296.756097
School,North West,16 to 21,Male,White,399,470.7551799,509.8167393,511.1533957,538.6302879
School,North West,16 to 21,Male,Mixed,244,249.7465757,333.0007788,368.2548221,376.8336624
School,North West,16 to 21,Male,Asian,302,344.0451973,443.6824245,540.7090871,541.2087846
School,North West,16 to 21,Male,Black,716,747.9481891,797.7011694,890.8707158,891.0985325
School,North West,16 to 21,Male,Other,365,438.0324761,501.021409,566.9177331,621.7510489
School,North West,16 to 21,Female,White,758,848.1707512,877.6648235,912.697824,1009.630063
School,North West,16 to 21,Female,Mixed,707,771.0365729,791.7231562,875.2371817,891.2817317
School,North West,16 to 21,Female,Asian,424,496.0770796,566.8271971,577.0658692,646.6171123
School,North West,16 to 21,Female,Black,570,583.0024259,600.5077525,682.7791011,696.7322386
School,North West,16 to 21,Female,Other,899,960.1673122,1033.386509,1039.220556,1057.724747
School,North West,22 to 25,Male,White,516,561.9764239,656.3540042,696.0050545,759.8829408
School,North West,22 to 25,Male,Mixed,131,156.8947087,240.2083734,325.0293209,397.8677633
School,North West,22 to 25,Male,Asian,385,478.5833342,572.4671884,609.0987073,702.9377934
School,North West,22 to 25,Male,Black,136,160.2222666,243.7474904,309.4990518,369.809661
School,North West,22 to 25,Male,Other,703,769.0286653,784.8720434,870.740266,907.2259628
School,North West,22 to 25,Female,White,413,451.783456,508.056966,555.0312391,648.1536204
School,North West,22 to 25,Female,Mixed,553,566.7666895,610.8196299,655.7543911,679.8366335
School,North West,22 to 25,Female,Asian,232,324.6583012,388.679529,417.3567656,478.6435495
School,North West,22 to 25,Female,Black,10,70.16436705,168.9662479,255.6337843,276.2458624
School,North West,22 to 25,Female,Other,805,833.1498104,884.9716989,973.7668297,1028.513678
School,North West,26 to 29,Male,White,827,880.1566645,920.2156881,980.9272311,991.8580574
School,North West,26 to 29,Male,Mixed,747,831.219361,920.3851684,987.8725279,1031.591386
School,North West,26 to 29,Male,Asian,348,373.5457442,464.4220031,523.101742,573.8406427
School,North West,26 to 29,Male,Black,252,267.728176,308.9567139,392.9576108,415.7029963
School,North West,26 to 29,Male,Other,67,137.4742614,187.4935316,254.1344648,300.9733804
School,North West,26 to 29,Female,White,749,839.4703507,926.5187235,1013.406411,1105.67832
School,North West,26 to 29,Female,Mixed,591,628.5492274,659.2193637,711.8624231,717.7108083
School,North West,26 to 29,Female,Asian,473,514.1039039,586.3274668,669.4765954,702.4297151
School,North West,26 to 29,Female,Black,474,571.5221415,661.3990127,722.3284596,767.6266647
School,North West,26 to 29,Female,Other,211,267.6762465,343.016483,399.6701273,497.0610884
School,South East,16 to 21,Male,White,285,346.4583809,363.6925758,382.1176123,396.8267256
School,South East,16 to 21,Male,Mixed,28,96.5718741,146.3657075,196.4493805,252.9082177
School,South East,16 to 21,Male,Asian,269,336.7299068,345.8488492,368.0460806,420.0932751
School,South East,16 to 21,Male,Black,324,371.7125622,390.9482646,447.7972588,459.428955
School,South East,16 to 21,Male,Other,734,768.6637793,865.9984083,965.8415711,1061.341942
School,South East,16 to 21,Female,White,437,448.0152265,495.9619641,534.9604368,619.0920295
School,South East,16 to 21,Female,Mixed,266,298.1766726,331.4498307,386.8420508,405.6528911
School,South East,16 to 21,Female,Asian,979,1017.138429,1094.807843,1156.418891,1188.628786
School,South East,16 to 21,Female,Black,178,231.8139094,291.6872555,331.5271967,367.2817412
School,South East,16 to 21,Female,Other,977,1031.043642,1069.956225,1080.410421,1105.746383
School,South East,22 to 25,Male,White,277,355.9743867,446.8359565,463.8582399,555.6290684
School,South East,22 to 25,Male,Mixed,228,228.1253453,254.5237644,278.5107669,290.0401522
School,South East,22 to 25,Male,Asian,878,894.5539775,900.0629891,965.3221707,1012.422621
School,South East,22 to 25,Male,Black,84,153.9799212,200.7677363,244.4474246,332.4457778
School,South East,22 to 25,Male,Other,89,171.5046287,219.76594,319.305433,319.5744441
School,South East,22 to 25,Female,White,123,191.5045125,192.8069609,218.1504758,248.1891093
School,South East,22 to 25,Female,Mixed,549,620.5570782,649.3242401,736.7927379,821.9594478
School,South East,22 to 25,Female,Asian,608,609.3551978,648.5583041,738.3523751,828.660219
School,South East,22 to 25,Female,Black,690,701.0189585,735.5199883,833.4675469,869.6819646
School,South East,22 to 25,Female,Other,387,437.9147013,526.1751144,583.4166048,646.6457695
School,South East,26 to 29,Male,White,814,853.7871443,904.3080737,987.8571181,1063.567321
School,South East,26 to 29,Male,Mixed,117,201.5085659,276.8878319,374.6006239,471.4952557
School,South East,26 to 29,Male,Asian,720,747.6195701,843.7083065,924.6572836,1023.645277
School,South East,26 to 29,Male,Black,116,152.7820798,172.0786275,228.1805186,260.7011433
School,South East,26 to 29,Male,Other,845,939.6170744,967.0853313,984.1185206,1012.687412
School,South East,26 to 29,Female,White,78,103.8928125,163.9479926,243.0700833,279.6467894
School,South East,26 to 29,Female,Mixed,691,695.0150712,727.4286181,813.17971,911.8071022
School,South East,26 to 29,Female,Asian,78,174.4890255,189.4473886,236.7319112,294.0600079
School,South East,26 to 29,Female,Black,321,385.6968663,423.3472284,426.6067608,438.9411774
School,South East,26 to 29,Female,Other,424,450.6166162,491.2435252,576.9195268,663.7193478
School,South West,16 to 21,Male,White,158,215.9887738,288.0146808,303.3570056,363.0932656
School,South West,16 to 21,Male,Mixed,929,983.324403,986.2150512,1019.565738,1027.402033
School,South West,16 to 21,Male,Asian,384,405.6985855,501.761104,518.9405947,531.7571874
School,South West,16 to 21,Male,Black,310,355.7983598,375.6206343,423.7751009,523.2531598
School,South West,16 to 21,Male,Other,593,614.8151448,623.991802,676.3308141,725.7855967
School,South West,16 to 21,Female,White,457,473.1241414,538.8952411,542.5821193,604.4169075
School,South West,16 to 21,Female,Mixed,888,904.9663218,988.8944783,1051.663234,1076.090418
School,South West,16 to 21,Female,Asian,858,900.273907,977.7571734,1010.817502,1108.329122
School,South West,16 to 21,Female,Black,886,940.7971411,990.5455149,1013.795638,1102.945968
School,South West,16 to 21,Female,Other,494,537.625666,593.3066739,643.6716609,723.5414263
School,South West,22 to 25,Male,White,132,230.8668171,231.8969774,276.8073793,292.9472769
School,South West,22 to 25,Male,Mixed,342,376.9266944,426.8450282,511.0534813,536.8130134
School,South West,22 to 25,Male,Asian,516,527.1456216,541.1271389,587.4871692,622.4316498
School,South West,22 to 25,Male,Black,83,125.4100005,186.6728244,240.2658379,291.8680749
School,South West,22 to 25,Male,Other,992,1088.774383,1176.477582,1256.802348,1295.480773
School,South West,22 to 25,Female,White,499,529.5624349,544.9322718,565.4346273,575.7690396
School,South West,22 to 25,Female,Mixed,693,745.9085531,813.8482268,828.6314665,832.805818
School,South West,22 to 25,Female,Asian,868,875.5603978,939.1304853,1023.828807,1071.155526
School,South West,22 to 25,Female,Black,765,820.865391,898.0391479,936.3985827,1015.84666
School,South West,22 to 25,Female,Other,53,79.90208547,85.03825171,141.6453609,213.4095041
School,South West,26 to 29,Male,White,537,611.0033986,653.1128621,717.4288591,778.3088814
School,South West,26 to 29,Male,Mixed,113,114.5493002,204.958587,289.9019121,321.9508033
School,South West,26 to 29,Male,Asian,912,952.4983302,1023.158352,1116.161449,1194.100705
School,South West,26 to 29,Male,Black,394,481.2412959,580.7601495,629.8803965,653.6662796
School,South West,26 to 29,Male,Other,234,266.8960617,324.6734958,420.3408602,517.0249121
School,South West,26 to 29,Female,White,633,668.3678237,733.4110871,762.2039921,792.4441234
School,South West,26 to 29,Female,Mixed,904,953.0312497,962.4364053,1032.103845,1129.068961
School,South West,26 to 29,Female,Asian,216,307.7410069,393.8312963,446.6325003,499.0105652
School,South West,26 to 29,Female,Black,415,482.8461124,574.0039763,649.2493736,727.4041668
School,South West,26 to 29,Female,Other,230,303.8450387,331.0329257,387.190264,459.4106277
School,Wales,16 to 21,Male,White,990,1032.088444,1111.519516,1139.469953,1166.381335
School,Wales,16 to 21,Male,Mixed,975,975.8019997,1011.957332,1060.851178,1085.253307
School,Wales,16 to 21,Male,Asian,7,88.92158497,102.6275164,126.8373227,145.3361059
School,Wales,16 to 21,Male,Black,446,512.3214049,522.4091768,537.905081,581.9121106
School,Wales,16 to 21,Male,Other,368,446.3777647,477.445112,552.6780234,564.6025735
School,Wales,16 to 21,Female,White,867,867.5267796,908.4429068,935.6527838,972.8080923
School,Wales,16 to 21,Female,Mixed,672,716.4711083,739.0951579,761.2836732,803.2150894
School,Wales,16 to 21,Female,Asian,357,411.8428241,463.2661975,508.9668923,557.3186195
School,Wales,16 to 21,Female,Black,485,526.9237259,607.7474929,685.5527042,761.2403977
School,Wales,16 to 21,Female,Other,185,249.3592199,325.7968813,424.8640041,425.932371
School,Wales,22 to 25,Male,White,910,1004.22447,1034.869572,1037.020087,1044.337564
School,Wales,22 to 25,Male,Mixed,813,814.2803488,825.9952112,888.210356,923.2632632
School,Wales,22 to 25,Male,Asian,299,361.6960945,460.4193816,462.5366911,511.0704124
School,Wales,22 to 25,Male,Black,659,689.3609264,719.6788699,784.9893899,873.3000294
School,Wales,22 to 25,Male,Other,895,960.1406726,1021.694667,1096.214577,1186.645151
School,Wales,22 to 25,Female,White,206,244.5913905,284.2354356,381.0582892,444.4565015
School,Wales,22 to 25,Female,Mixed,322,372.0766601,457.7795328,546.9031399,614.4265525
School,Wales,22 to 25,Female,Asian,604,615.9255886,695.2525928,755.8935862,791.1623755
School,Wales,22 to 25,Female,Black,983,1011.518383,1085.195875,1118.822346,1213.474848
School,Wales,22 to 25,Female,Other,772,816.5443623,912.710502,951.2747956,991.9060273
School,Wales,26 to 29,Male,White,369,373.3115291,458.637463,527.2330621,534.7795501
School,Wales,26 to 29,Male,Mixed,217,227.2513401,243.8371236,249.3316544,296.1631014
School,Wales,26 to 29,Male,Asian,146,171.3063536,171.3892022,201.7035047,255.8517942
School,Wales,26 to 29,Male,Black,771,855.4999188,952.9348804,987.4183712,1000.13934
School,Wales,26 to 29,Male,Other,570,642.1705268,724.0691375,751.7145924,831.4372728
School,Wales,26 to 29,Female,White,74,131.7444345,168.5160418,208.1285207,214.6587241
School,Wales,26 to 29,Female,Mixed,159,220.2409756,244.7567561,246.836324,301.9917022
School,Wales,26 to 29,Female,Asian,272,354.8675854,372.1183606,432.8588928,514.2560025
School,Wales,26 to 29,Female,Black,150,229.1259446,230.0683826,263.8374628,323.3283688
School,Wales,26 to 29,Female,Other,70,96.08895728,156.6601192,168.4709688,251.2915925
School,West Midlands,16 to 21,Male,White,786,857.5707041,957.3479265,1041.586197,1062.156911
School,West Midlands,16 to 21,Male,Mixed,571,632.9686409,681.154271,767.2986527,821.409452
School,West Midlands,16 to 21,Male,Asian,619,639.2143143,679.2977735,679.4718933,746.7531005
School,West Midlands,16 to 21,Male,Black,700,742.4435811,744.5874997,803.8873495,873.7760112
School,West Midlands,16 to 21,Male,Other,13,16.02850302,60.80265404,159.9235872,173.7095848
School,West Midlands,16 to 21,Female,White,245,333.053541,416.4436942,499.6827487,551.0163839
School,West Midlands,16 to 21,Female,Mixed,442,528.4543106,538.3216532,540.9394724,556.315686
School,West Midlands,16 to 21,Female,Asian,43,105.0438963,108.5307505,199.419651,284.5284754
School,West Midlands,16 to 21,Female,Black,206,301.2611295,384.5534649,437.8017712,453.9626649
School,West Midlands,16 to 21,Female,Other,318,367.8229263,450.2758569,535.9623921,615.1325444
School,West Midlands,22 to 25,Male,White,71,125.8732856,145.441369,222.0973773,302.7539587
School,West Midlands,22 to 25,Male,Mixed,362,444.1211531,544.1131903,569.9015482,620.8489315
School,West Midlands,22 to 25,Male,Asian,635,683.5338177,733.4995733,747.5691508,841.5195389
School,West Midlands,22 to 25,Male,Black,984,1030.844256,1091.30962,1172.826497,1187.53247
School,West Midlands,22 to 25,Male,Other,884,974.1498879,1009.872961,1047.318011,1117.997025
School,West Midlands,22 to 25,Female,White,122,160.632258,227.2733342,230.1700758,259.6898157
School,West Midlands,22 to 25,Female,Mixed,150,175.2365451,254.5240425,342.8956825,406.2028218
School,West Midlands,22 to 25,Female,Asian,297,345.1436598,396.0235261,478.1535673,546.6628182
School,West Midlands,22 to 25,Female,Black,155,252.0811444,313.7525048,325.1470442,362.9711907
School,West Midlands,22 to 25,Female,Other,802,841.2626898,843.9849635,845.4912097,939.587277
School,West Midlands,26 to 29,Male,White,228,318.187791,348.3025906,429.2630176,441.1586757
School,West Midlands,26 to 29,Male,Mixed,836,918.5867469,940.5772021,1007.067939,1047.94745
School,West Midlands,26 to 29,Male,Asian,651,671.1927634,737.9952595,821.3509466,865.2549995
School,West Midlands,26 to 29,Male,Black,752,770.1853837,854.3741632,854.8587951,942.8909808
School,West Midlands,26 to 29,Male,Other,339,364.2346787,458.5209966,517.6017429,557.315797
School,West Midlands,26 to 29,Female,White,76,138.5192984,209.9080235,250.1302672,339.1740859
School,West Midlands,26 to 29,Female,Mixed,516,525.6569652,552.0474422,617.7187683,663.0810276
School,West Midlands,26 to 29,Female,Asian,307,390.8558111,398.5493055,410.4128781,495.6639279
School,West Midlands,26 to 29,Female,Black,831,848.0444597,853.5969539,863.7510945,913.2550831
School,West Midlands,26 to 29,Female,Other,226,249.2958815,289.5027755,354.2664551,388.1717646
School,Yorkshire and The Humber,16 to 21,Male,White,162,247.3823107,327.8417859,364.9938575,405.916836
School,Yorkshire and The Humber,16 to 21,Male,Mixed,266,311.720125,370.9739854,468.2428549,478.8681413
School,Yorkshire and The Humber,16 to 21,Male,Asian,924,986.6751314,1039.085265,1039.78965,1120.601426
School,Yorkshire and The Humber,16 to 21,Male,Black,712,749.5360357,794.5555736,891.9524919,958.7988882
School,Yorkshire and The Humber,16 to 21,Male,Other,213,280.5668348,287.0742687,292.8126901,349.3900763
School,Yorkshire and The Humber,16 to 21,Female,White,889,933.1290453,991.5175087,1091.497666,1110.767899
School,Yorkshire and The Humber,16 to 21,Female,Mixed,647,701.9587284,707.8483323,789.5938714,806.3562047
School,Yorkshire and The Humber,16 to 21,Female,Asian,77,169.3476931,190.5152716,231.0101933,293.6452116
School,Yorkshire and The Humber,16 to 21,Female,Black,87,89.00179276,111.0004408,125.9601141,146.8793071
School,Yorkshire and The Humber,16 to 21,Female,Other,529,552.9781622,586.3496791,668.2249471,761.2841392
School,Yorkshire and The Humber,22 to 25,Male,White,140,200.8066512,256.4806276,333.0026431,352.2231532
School,Yorkshire and The Humber,22 to 25,Male,Mixed,194,216.5509323,270.4467419,339.1064328,416.8782641
School,Yorkshire and The Humber,22 to 25,Male,Asian,849,874.0285753,950.2279941,961.5898964,1042.983944
School,Yorkshire and The Humber,22 to 25,Male,Black,462,466.9649067,530.3211598,589.352967,678.4030873
School,Yorkshire and The Humber,22 to 25,Male,Other,15,29.95485664,97.76364774,103.2179037,144.1603695
School,Yorkshire and The Humber,22 to 25,Female,White,457,515.9635139,580.8147172,646.8620426,684.7398053
School,Yorkshire and The Humber,22 to 25,Female,Mixed,676,760.419273,859.0303813,869.2828649,928.1455459
School,Yorkshire and The Humber,22 to 25,Female,Asian,32,40.69697319,107.8350639,117.5197439,133.9283047
School,Yorkshire and The Humber,22 to 25,Female,Black,935,1023.725662,1036.189726,1041.377552,1132.761058
School,Yorkshire and The Humber,22 to 25,Female,Other,125,216.4473887,279.781559,296.5810312,332.5628217
School,Yorkshire and The Humber,26 to 29,Male,White,383,408.2132466,448.820988,494.3607625,542.2833479
School,Yorkshire and The Humber,26 to 29,Male,Mixed,928,940.4082187,978.3841755,1061.937421,1064.496214
School,Yorkshire and The Humber,26 to 29,Male,Asian,225,312.7671044,409.9257702,444.6982909,462.5322343
School,Yorkshire and The Humber,26 to 29,Male,Black,209,269.90452,369.1092621,375.8569082,386.0932087
School,Yorkshire and The Humber,26 to 29,Male,Other,381,386.4946882,480.5010468,579.6729535,635.2842951
School,Yorkshire and The Humber,26 to 29,Female,White,320,378.0709906,450.3596994,485.2098078,554.0158829
School,Yorkshire and The Humber,26 to 29,Female,Mixed,942,971.4494719,981.8646776,1042.093727,1046.201923
School,Yorkshire and The Humber,26 to 29,Female,Asian,731,781.511966,842.5032076,890.3887894,904.6792823
School,Yorkshire and The Humber,26 to 29,Female,Black,620,677.3665946,729.0020975,789.0892176,814.3440609
School,Yorkshire and The Humber,26 to 29,Female,Other,303,327.2341507,345.8493696,445.0823943,526.5125356
No qualification,East,16 to 21,Male,White,632,661.9699263,739.6880732,811.2682589,830.4763589
No qualification,East,16 to 21,Male,Mixed,424,482.8996944,540.3318312,583.6437044,591.8395623
No qualification,East,16 to 21,Male,Asian,383,462.0538722,477.644229,535.4684295,559.8653027
No qualification,East,16 to 21,Male,Black,70,110.8665983,200.225203,267.6740965,367.0863288
No qualification,East,16 to 21,Male,Other,249,279.4900493,368.2984855,379.4060926,398.437928
No qualification,East,16 to 21,Female,White,133,216.1670537,226.6649915,238.4795822,302.5303933
No qualification,East,16 to 21,Female,Mixed,665,676.6218182,697.6066863,714.464627,806.9797095
No qualification,East,16 to 21,Female,Asian,521,600.2842202,673.8000019,769.5585883,805.0296177
No qualification,East,16 to 21,Female,Black,662,676.5309927,776.4898726,822.4399985,920.6760164
No qualification,East,16 to 21,Female,Other,76,133.6271476,138.1820237,188.743759,262.8892336
No qualification,East,22 to 25,Male,White,83,89.25821307,103.4145936,140.9862086,160.0364144
No qualification,East,22 to 25,Male,Mixed,839,922.6714623,974.0995798,998.8728774,1040.718706
No qualification,East,22 to 25,Male,Asian,204,228.6443568,259.0880848,336.4604415,350.3621143
No qualification,East,22 to 25,Male,Black,513,543.582449,643.2896302,709.4555422,740.9978028
No qualification,East,22 to 25,Male,Other,229,262.2522561,318.8945884,407.5828054,439.4785154
No qualification,East,22 to 25,Female,White,281,365.0519815,459.7137859,525.1847495,577.5710953
No qualification,East,22 to 25,Female,Mixed,252,322.7441378,381.9664922,400.3112274,480.2528357
No qualification,East,22 to 25,Female,Asian,105,135.1083128,213.6913135,225.7612882,303.7425353
No qualification,East,22 to 25,Female,Black,627,725.113831,796.6775434,884.467997,969.893967
No qualification,East,22 to 25,Female,Other,425,477.4125423,569.9040797,615.0797514,706.2135565
No qualification,East,26 to 29,Male,White,832,884.6844249,973.7798283,1072.693785,1157.808341
No qualification,East,26 to 29,Male,Mixed,362,452.2255536,453.7919661,515.6090463,574.7526028
No qualification,East,26 to 29,Male,Asian,942,1031.798315,1101.75521,1144.899518,1240.407141
No qualification,East,26 to 29,Male,Black,26,29.54544393,41.3149441,112.2913603,210.6649515
No qualification,East,26 to 29,Male,Other,738,774.8276122,788.2126565,839.3976499,880.0820378
No qualification,East,26 to 29,Female,White,785,866.4495186,888.8624118,961.4689932,1005.646522
No qualification,East,26 to 29,Female,Mixed,686,698.6109835,708.4330892,774.7555554,870.7470525
No qualification,East,26 to 29,Female,Asian,218,307.6572212,352.3204724,403.6772778,457.1740532
No qualification,East,26 to 29,Female,Black,615,714.7305676,761.4436595,791.9744247,887.2746265
No qualification,East,26 to 29,Female,Other,315,356.1523704,371.5713122,381.0875617,428.5948963
No qualification,East Midlands,16 to 21,Male,White,216,235.5565931,246.2856007,334.6226179,340.6730579
No qualification,East Midlands,16 to 21,Male,Mixed,719,776.363692,846.7785733,922.76314,943.4009653
No qualification,East Midlands,16 to 21,Male,Asian,847,944.8468953,1042.440073,1090.686455,1176.000733
No qualification,East Midlands,16 to 21,Male,Black,806,870.8583057,928.9071596,989.8932243,1039.244445
No qualification,East Midlands,16 to 21,Male,Other,851,865.7116146,888.9851774,890.893965,927.8757779
No qualification,East Midlands,16 to 21,Female,White,84,179.339656,236.5253508,266.0268589,294.742659
No qualification,East Midlands,16 to 21,Female,Mixed,477,482.2649747,500.1386729,585.6437,593.397591
No qualification,East Midlands,16 to 21,Female,Asian,596,688.2014198,757.8906508,801.7244836,828.3620997
No qualification,East Midlands,16 to 21,Female,Black,787,806.3177189,820.2442933,903.7283744,941.2774199
No qualification,East Midlands,16 to 21,Female,Other,937,998.0315228,1070.850423,1165.374905,1168.501763
No qualification,East Midlands,22 to 25,Male,White,98,114.1880695,144.6254238,211.062909,308.0704729
No qualification,East Midlands,22 to 25,Male,Mixed,321,353.1833613,394.6871157,419.2180042,447.3707507
No qualification,East Midlands,22 to 25,Male,Asian,79,177.0483307,241.5323994,313.341376,399.5477869
No qualification,East Midlands,22 to 25,Male,Black,191,256.1168261,340.7095284,351.9353425,409.8908135
No qualification,East Midlands,22 to 25,Male,Other,72,130.6715208,229.2165955,240.1822365,266.7392229
No qualification,East Midlands,22 to 25,Female,White,759,788.8649541,837.2811479,908.455979,944.4608666
No qualification,East Midlands,22 to 25,Female,Mixed,664,754.552652,762.5895803,817.2029377,870.9807952
No qualification,East Midlands,22 to 25,Female,Asian,819,841.0990452,901.6438301,914.6487403,995.415256
No qualification,East Midlands,22 to 25,Female,Black,890,939.689261,984.0942682,1005.030307,1028.06064
No qualification,East Midlands,22 to 25,Female,Other,346,407.6709409,463.716993,563.3587543,563.4334969
No qualification,East Midlands,26 to 29,Male,White,568,598.7219385,677.5023752,746.0752531,757.2619139
No qualification,East Midlands,26 to 29,Male,Mixed,403,495.9524445,499.9459045,522.3855563,565.4269609
No qualification,East Midlands,26 to 29,Male,Asian,503,524.4969257,602.0612227,648.4437142,700.6644142
No qualification,East Midlands,26 to 29,Male,Black,377,408.6768166,467.139728,550.6016362,558.954024
No qualification,East Midlands,26 to 29,Male,Other,374,401.3697281,462.5906489,486.5684348,541.3962981
No qualification,East Midlands,26 to 29,Female,White,975,1018.687849,1066.698486,1132.541708,1230.170106
No qualification,East Midlands,26 to 29,Female,Mixed,987,1057.950018,1110.901,1168.873846,1192.417472
No qualification,East Midlands,26 to 29,Female,Asian,735,790.0048923,842.5779232,933.5088038,969.3609391
No qualification,East Midlands,26 to 29,Female,Black,211,222.8261444,273.4266193,355.8508419,379.3481359
No qualification,East Midlands,26 to 29,Female,Other,747,829.9870602,863.5192745,885.187153,903.8238261
No qualification,London,16 to 21,Male,White,477,568.7123246,641.1596009,681.4693699,760.1675816
No qualification,London,16 to 21,Male,Mixed,124,158.8292048,247.0536318,275.795742,305.8106544
No qualification,London,16 to 21,Male,Asian,748,826.7683272,903.365146,906.688838,987.9126235
No qualification,London,16 to 21,Male,Black,490,575.2029148,593.5732006,642.5149377,689.609248
No qualification,London,16 to 21,Male,Other,767,779.7414989,793.8211743,794.7053194,796.9326262
No qualification,London,16 to 21,Female,White,578,586.6578139,590.4112389,650.4122683,733.3815303
No qualification,London,16 to 21,Female,Mixed,786,791.5637454,800.5437876,828.8365257,919.9077984
No qualification,London,16 to 21,Female,Asian,183,277.929709,278.8805408,290.5784488,371.4328919
No qualification,London,16 to 21,Female,Black,152,183.6302352,230.5456157,277.726014,330.2478671
No qualification,London,16 to 21,Female,Other,55,142.4003755,181.0529289,215.0850742,227.7729046
No qualification,London,22 to 25,Male,White,523,592.0529962,680.2457696,712.9926202,720.5073242
No qualification,London,22 to 25,Male,Mixed,284,307.4311336,366.041717,369.4488639,438.3020425
No qualification,London,22 to 25,Male,Asian,354,354.5986925,381.5066358,388.0226976,418.7106434
No qualification,London,22 to 25,Male,Black,838,862.8159616,960.4894219,1020.806809,1118.587719
No qualification,London,22 to 25,Male,Other,635,690.3299653,758.6264713,805.2395268,890.9922976
No qualification,London,22 to 25,Female,White,471,492.3435977,575.2925873,624.9861033,646.4801466
No qualification,London,22 to 25,Female,Mixed,754,756.4005967,820.0723206,895.5603091,926.8766398
No qualification,London,22 to 25,Female,Asian,259,272.5955797,350.3411694,428.3117922,445.329252
No qualification,London,22 to 25,Female,Black,850,906.4905718,998.4818692,1079.942473,1098.08835
No qualification,London,22 to 25,Female,Other,670,674.8642177,711.6526578,737.0505771,812.9353091
No qualification,London,26 to 29,Male,White,609,677.2659522,730.4740376,782.4262818,824.0578376
No qualification,London,26 to 29,Male,Mixed,898,899.6288667,924.1492916,957.4577606,1014.574022
No qualification,London,26 to 29,Male,Asian,518,617.7239041,693.0499708,791.2627775,793.9705146
No qualification,London,26 to 29,Male,Black,287,346.9104404,405.821048,486.7741652,563.772096
No qualification,London,26 to 29,Male,Other,727,812.603364,861.2454227,899.1449462,991.687112
No qualification,London,26 to 29,Female,White,558,609.5673315,699.8121894,778.0861281,818.4060714
No qualification,London,26 to 29,Female,Mixed,247,281.8251722,304.4441709,339.6288549,349.9533424
No qualification,London,26 to 29,Female,Asian,847,912.7980064,919.1969336,971.2985881,975.5150872
No qualification,London,26 to 29,Female,Black,195,223.0139084,302.7327285,308.4758728,320.7166829
No qualification,London,26 to 29,Female,Other,353,419.1753144,479.5323431,538.6933159,634.6658983
No qualification,North East,16 to 21,Male,White,529,602.9292843,702.2810638,723.0527305,746.8838135
No qualification,North East,16 to 21,Male,Mixed,646,683.7686205,762.2642673,855.4353945,874.6965426
No qualification,North East,16 to 21,Male,Asian,750,820.3854146,878.6597821,949.6929106,999.5604493
No qualification,North East,16 to 21,Male,Black,368,376.9758048,377.7678514,450.0601017,460.439812
No qualification,North East,16 to 21,Male,Other,654,682.7483977,734.9361673,791.5093982,818.3916355
No qualification,North East,16 to 21,Female,White,345,368.6390973,380.7932223,456.579593,514.1143613
No qualification,North East,16 to 21,Female,Mixed,307,370.6555581,449.7641125,540.7857561,589.7305165
No qualification,North East,16 to 21,Female,Asian,761,815.446221,880.1280735,886.1001364,979.0388461
No qualification,North East,16 to 21,Female,Black,747,755.7072109,786.6816376,817.742707,858.3157906
No qualification,North East,16 to 21,Female,Other,764,808.8245975,843.9866542,914.802107,931.7332656
No qualification,North East,22 to 25,Male,White,397,438.0484638,457.5659455,462.3609789,463.0195886
No qualification,North East,22 to 25,Male,Mixed,726,733.7838908,806.7149686,861.6743845,948.0720726
No qualification,North East,22 to 25,Male,Asian,972,1063.59363,1106.093379,1168.439072,1236.051645
No qualification,North East,22 to 25,Male,Black,736,822.3247937,871.8683876,884.8680714,972.9961311
No qualification,North East,22 to 25,Male,Other,527,556.4213765,612.3680296,630.1575681,707.3637175
No qualification,North East,22 to 25,Female,White,875,893.1313967,898.0444592,903.3959466,915.9575773
No qualification,North East,22 to 25,Female,Mixed,978,1027.603291,1126.041401,1193.198785,1268.461487
No qualification,North East,22 to 25,Female,Asian,145,188.7076816,227.704291,272.7750012,285.4532
No qualification,North East,22 to 25,Female,Black,668,746.3644562,798.6911636,841.4543649,846.1913528
No qualification,North East,22 to 25,Female,Other,653,654.5354466,722.831257,785.5838243,819.9923458
No qualification,North East,26 to 29,Male,White,515,612.6568839,631.0489313,668.666726,673.5485004
No qualification,North East,26 to 29,Male,Mixed,717,772.9031246,832.8202461,892.8072775,916.840993
No qualification,North East,26 to 29,Male,Asian,660,729.5347089,753.8545757,818.8230389,819.7891673
No qualification,North East,26 to 29,Male,Black,825,894.7284143,981.506509,1008.541778,1013.076383
No qualification,North East,26 to 29,Male,Other,976,1018.356727,1091.793679,1174.55114,1181.679088
No qualification,North East,26 to 29,Female,White,596,643.4049634,666.245978,670.8459519,703.9521344
No qualification,North East,26 to 29,Female,Mixed,39,72.59989077,107.2155478,172.8746851,189.4696364
No qualification,North East,26 to 29,Female,Asian,203,244.586557,274.6983682,338.1377065,424.4701475
No qualification,North East,26 to 29,Female,Black,855,922.173445,1018.770865,1108.1702,1129.642562
No qualification,North East,26 to 29,Female,Other,364,444.6160542,503.7798199,600.9845118,679.4453432
No qualification,North West,16 to 21,Male,White,229,267.4120011,345.7695106,396.315437,425.8676931
No qualification,North West,16 to 21,Male,Mixed,836,877.2761625,882.709925,952.5562968,983.2236643
No qualification,North West,16 to 21,Male,Asian,312,338.777544,410.1652987,501.970189,580.0835146
No qualification,North West,16 to 21,Male,Black,392,394.37205,449.3246049,496.7200529,526.5790471
No qualification,North West,16 to 21,Male,Other,559,653.0375904,730.4491775,767.7652985,862.6116828
No qualification,North West,16 to 21,Female,White,388,445.7457853,530.5332772,584.9399436,644.2398449
No qualification,North West,16 to 21,Female,Mixed,773,804.7220903,810.5801667,874.0132169,960.7074357
No qualification,North West,16 to 21,Female,Asian,513,570.6906993,609.9737734,619.6503707,712.432214
No qualification,North West,16 to 21,Female,Black,742,813.0907423,872.4094391,898.0070813,901.5797311
No qualification,North West,16 to 21,Female,Other,908,942.2619507,998.5843372,1006.372529,1028.64675
No qualification,North West,22 to 25,Male,White,207,210.3945558,248.9539165,347.3324261,419.4051952
No qualification,North West,22 to 25,Male,Mixed,931,931.3347552,960.5849338,1059.646201,1097.496268
No qualification,North West,22 to 25,Male,Asian,751,788.630713,856.0337368,871.3592147,903.2541582
No qualification,North West,22 to 25,Male,Black,164,214.8900911,251.3620319,262.1445801,274.8266639
No qualification,North West,22 to 25,Male,Other,795,845.8497634,862.2354929,932.3836505,987.1414456
No qualification,North West,22 to 25,Female,White,371,394.3331768,484.2097017,496.2583969,551.019854
No qualification,North West,22 to 25,Female,Mixed,623,681.17501,697.4131906,759.1760231,796.0590005
No qualification,North West,22 to 25,Female,Asian,282,367.8919594,397.4876785,402.2820028,423.7485301
No qualification,North West,22 to 25,Female,Black,36,72.34019412,161.080709,165.3557268,246.8008755
No qualification,North West,22 to 25,Female,Other,729,812.9973916,817.8403926,842.2213368,911.4039116
No qualification,North West,26 to 29,Male,White,187,226.973325,251.1915054,270.0593149,280.7666005
No qualification,North West,26 to 29,Male,Mixed,446,528.1762622,537.1926747,541.4862586,618.3848211
No qualification,North West,26 to 29,Male,Asian,845,855.5905113,872.4273099,947.3176593,956.2712586
No qualification,North West,26 to 29,Male,Black,114,206.0861231,258.3847888,282.4896381,369.4900171
No qualification,North West,26 to 29,Male,Other,107,200.1592154,297.7891367,311.7192614,389.7448719
No qualification,North West,26 to 29,Female,White,887,970.2210867,1035.953903,1038.083585,1107.453428
No qualification,North West,26 to 29,Female,Mixed,295,322.783458,364.9807483,389.6229973,409.1932599
No qualification,North West,26 to 29,Female,Asian,958,1015.000203,1100.981661,1129.740939,1180.430561
No qualification,North West,26 to 29,Female,Black,523,580.7018336,614.4114473,695.5243059,765.352228
No qualification,North West,26 to 29,Female,Other,106,169.1380557,230.3478003,238.1861956,290.7627623
No qualification,South East,16 to 21,Male,White,83,148.0641092,182.3208434,255.5509616,304.9919266
No qualification,South East,16 to 21,Male,Mixed,761,846.9579965,865.7589031,950.7719485,962.3962631
No qualification,South East,16 to 21,Male,Asian,242,332.1384153,360.4643935,426.3007751,458.3560316
No qualification,South East,16 to 21,Male,Black,73,75.59628632,102.3938364,186.762368,239.5044321
No qualification,South East,16 to 21,Male,Other,903,946.2230176,1043.701681,1113.709176,1213.687991
No qualification,South East,16 to 21,Female,White,114,167.7498573,257.4917959,290.5056393,367.8424701
No qualification,South East,16 to 21,Female,Mixed,874,894.7262487,896.1159326,901.2445116,989.0669813
No qualification,South East,16 to 21,Female,Asian,333,353.4619404,452.4934486,520.0367726,568.0934866
No qualification,South East,16 to 21,Female,Black,744,768.3444288,836.8528392,894.1457233,896.6032325
No qualification,South East,16 to 21,Female,Other,342,391.551459,430.7683984,448.5124062,532.4887995
No qualification,South East,22 to 25,Male,White,198,273.0786493,360.5509016,366.5798802,439.9746558
No qualification,South East,22 to 25,Male,Mixed,88,162.7101899,252.9282478,266.1657213,309.9710697
No qualification,South East,22 to 25,Male,Asian,960,1028.050732,1094.284545,1114.528839,1127.671212
No qualification,South East,22 to 25,Male,Black,43,80.14102224,138.7549817,211.3744949,252.3471489
No qualification,South East,22 to 25,Male,Other,17,74.41195082,82.307101,86.93908799,97.54854176
No qualification,South East,22 to 25,Female,White,659,756.4043262,815.6317857,885.7704427,963.0171214
No qualification,South East,22 to 25,Female,Mixed,913,917.6981022,967.1198025,1046.025143,1069.001303
No qualification,South East,22 to 25,Female,Asian,915,948.9612587,970.6322436,974.5290016,1040.071268
No qualification,South East,22 to 25,Female,Black,348,366.0248859,395.8771417,402.1584737,500.3386691
No qualification,South East,22 to 25,Female,Other,605,654.4891856,720.6593737,791.4510611,891.2692606
No qualification,South East,26 to 29,Male,White,843,881.7071761,959.5469031,1050.448643,1054.072271
No qualification,South East,26 to 29,Male,Mixed,102,123.662869,161.7548138,257.557575,276.2271878
No qualification,South East,26 to 29,Male,Asian,382,422.9129246,485.4440866,493.4384389,579.8406717
No qualification,South East,26 to 29,Male,Black,545,643.1062691,719.9799777,750.6950448,815.5877932
No qualification,South East,26 to 29,Male,Other,355,437.6400198,473.2437046,534.147421,632.5479986
No qualification,South East,26 to 29,Female,White,679,731.738291,819.3869591,862.1236783,895.378116
No qualification,South East,26 to 29,Female,Mixed,348,366.3302807,380.2484121,385.5485035,470.4176562
No qualification,South East,26 to 29,Female,Asian,312,365.9288525,431.5573829,468.2583355,507.7485316
No qualification,South East,26 to 29,Female,Black,112,142.382548,183.3482522,224.268646,287.6450248
No qualification,South East,26 to 29,Female,Other,13,21.9886741,65.17899035,81.78770353,122.5646752
No qualification,South West,16 to 21,Male,White,441,512.7781216,573.7637506,585.9586566,609.4993369
No qualification,South West,16 to 21,Male,Mixed,581,617.5764489,685.8816008,732.1780136,752.6157565
No qualification,South West,16 to 21,Male,Asian,870,942.6159543,970.1305255,1046.905764,1083.522276
No qualification,South West,16 to 21,Male,Black,245,284.5423928,325.045275,327.9471619,349.6357731
No qualification,South West,16 to 21,Male,Other,228,325.8010101,363.4977588,422.1569041,480.6259083
No qualification,South West,16 to 21,Female,White,203,221.8093484,299.9589714,362.2598363,427.4752129
No qualification,South West,16 to 21,Female,Mixed,631,717.4192155,734.9301256,816.9726945,842.4498887
No qualification,South West,16 to 21,Female,Asian,770,832.297986,858.6857391,939.1571691,1038.279514
No qualification,South West,16 to 21,Female,Black,667,668.3736501,689.9760428,747.0767654,757.3089994
No qualification,South West,16 to 21,Female,Other,675,675.3693642,736.0536071,784.0418613,804.6454896
No qualification,South West,22 to 25,Male,White,541,587.1640194,596.5336747,623.7883739,628.3634267
No qualification,South West,22 to 25,Male,Mixed,28,32.07005701,36.86795116,102.3484186,197.60792
No qualification,South West,22 to 25,Male,Asian,826,869.165879,960.5606982,1037.582973,1052.439033
No qualification,South West,22 to 25,Male,Black,93,97.46438713,129.1997923,174.0103955,212.3283535
No qualification,South West,22 to 25,Male,Other,570,640.4644484,718.0050304,755.2796128,830.4746422
No qualification,South West,22 to 25,Female,White,747,842.8426861,918.7904159,989.5642583,1074.86622
No qualification,South West,22 to 25,Female,Mixed,249,282.1343365,294.5025506,314.2534343,394.614668
No qualification,South West,22 to 25,Female,Asian,150,185.6889502,227.475942,323.4353367,378.5390476
No qualification,South West,22 to 25,Female,Black,882,942.1146475,1010.9271,1063.393102,1105.536333
No qualification,South West,22 to 25,Female,Other,630,654.7638462,661.8720765,747.0095134,799.6704842
No qualification,South West,26 to 29,Male,White,353,420.3995253,454.8971613,499.2775938,588.3450176
No qualification,South West,26 to 29,Male,Mixed,250,286.2531818,294.499447,353.7602797,362.6106707
No qualification,South West,26 to 29,Male,Asian,867,922.0364625,975.0900077,1008.857613,1054.705788
No qualification,South West,26 to 29,Male,Black,551,625.9252784,659.305975,693.0115364,775.9366618
No qualification,South West,26 to 29,Male,Other,11,30.57919212,51.42118795,92.04788439,151.0966233
No qualification,South West,26 to 29,Female,White,345,443.9829148,515.2322303,534.6275916,598.1339545
No qualification,South West,26 to 29,Female,Mixed,472,508.9135015,558.441316,564.9054711,588.7545512
No qualification,South West,26 to 29,Female,Asian,292,359.1128699,403.9620802,446.2482473,545.6561678
No qualification,South West,26 to 29,Female,Black,445,460.9968224,498.3001324,502.8963897,526.7440462
No qualification,South West,26 to 29,Female,Other,116,163.0220581,255.5032351,272.3397676,344.1339199
No qualification,Wales,16 to 21,Male,White,322,413.0064914,508.7342857,576.3091524,610.9873174
No qualification,Wales,16 to 21,Male,Mixed,499,544.6549953,639.3459775,733.0655607,832.2493713
No qualification,Wales,16 to 21,Male,Asian,380,469.0682288,484.6581102,516.4486609,547.8596997
No qualification,Wales,16 to 21,Male,Black,417,509.4929384,552.5376461,578.0286615,662.925197
No qualification,Wales,16 to 21,Male,Other,186,231.5391321,286.7758893,385.0590151,397.555861
No qualification,Wales,16 to 21,Female,White,249,311.5268192,371.8967615,456.0714578,544.8677623
No qualification,Wales,16 to 21,Female,Mixed,938,959.911616,990.6831588,1078.726158,1152.951699
No qualification,Wales,16 to 21,Female,Asian,825,914.7362306,946.198822,1027.880845,1082.340181
No qualification,Wales,16 to 21,Female,Black,116,120.1495469,185.1560906,213.5291119,274.6945661
No qualification,Wales,16 to 21,Female,Other,50,94.50320483,135.1897723,235.0628028,277.3685399
No qualification,Wales,22 to 25,Male,White,751,824.8226664,903.2892747,981.8924216,1070.796606
No qualification,Wales,22 to 25,Male,Mixed,184,206.4931226,233.2249393,275.885048,299.1940418
No qualification,Wales,22 to 25,Male,Asian,47,81.00393913,179.2541944,186.8821159,259.835462
No qualification,Wales,22 to 25,Male,Black,924,960.0049696,1026.611093,1092.412627,1165.535859
No qualification,Wales,22 to 25,Male,Other,233,240.0130931,299.6313816,386.7397509,388.5493126
No qualification,Wales,22 to 25,Female,White,398,454.6678182,454.6783412,529.923322,580.9976073
No qualification,Wales,22 to 25,Female,Mixed,871,883.9918845,918.7413348,1003.004642,1077.768422
No qualification,Wales,22 to 25,Female,Asian,515,608.3915049,608.7967134,634.8132988,648.5425286
No qualification,Wales,22 to 25,Female,Black,88,90.41704674,124.8192042,211.7801637,286.3373061
No qualification,Wales,22 to 25,Female,Other,519,569.7112084,639.4201398,694.9403326,716.5815313
No qualification,Wales,26 to 29,Male,White,218,311.7292654,397.882276,401.9422355,500.9183401
No qualification,Wales,26 to 29,Male,Mixed,354,437.0664589,448.926728,507.9053893,561.1760583
No qualification,Wales,26 to 29,Male,Asian,430,502.4677456,593.4743055,671.9268841,759.9439336
No qualification,Wales,26 to 29,Male,Black,608,652.352549,696.8263824,700.2675674,733.4465531
No qualification,Wales,26 to 29,Male,Other,408,415.4073194,441.5912563,539.2840178,571.8706704
No qualification,Wales,26 to 29,Female,White,647,732.3576206,826.3303617,874.0541677,929.3778965
No qualification,Wales,26 to 29,Female,Mixed,469,499.0828253,516.276548,589.951756,634.3055579
No qualification,Wales,26 to 29,Female,Asian,280,306.040422,379.2636884,471.007035,541.9225984
No qualification,Wales,26 to 29,Female,Black,739,801.0703577,839.0653565,911.2606266,945.3380057
No qualification,Wales,26 to 29,Female,Other,506,515.634346,577.8703797,636.8105579,730.2628595
No qualification,West Midlands,16 to 21,Male,White,831,853.2345743,862.4400456,893.5884529,958.4852584
No qualification,West Midlands,16 to 21,Male,Mixed,207,302.4177186,311.0889184,363.8333988,395.0417813
No qualification,West Midlands,16 to 21,Male,Asian,743,779.0660079,829.4395873,841.2363916,878.4512143
No qualification,West Midlands,16 to 21,Male,Black,897,965.8899822,1011.806256,1030.486668,1123.064587
No qualification,West Midlands,16 to 21,Male,Other,618,649.389117,717.8221818,767.4222267,781.2784159
No qualification,West Midlands,16 to 21,Female,White,543,569.2813212,576.6613874,580.9955623,652.0596181
No qualification,West Midlands,16 to 21,Female,Mixed,865,955.1226819,1002.538539,1056.804286,1076.166837
No qualification,West Midlands,16 to 21,Female,Asian,326,332.7198606,429.4674656,447.381453,490.8152381
No qualification,West Midlands,16 to 21,Female,Black,247,321.5269125,341.9606926,348.9024985,385.0751463
No qualification,West Midlands,16 to 21,Female,Other,260,308.5566646,390.9208828,435.0075669,493.1950761
No qualification,West Midlands,22 to 25,Male,White,110,202.1735666,258.3006716,352.5331961,378.947978
No qualification,West Midlands,22 to 25,Male,Mixed,628,712.2155981,794.0431439,839.3869686,847.0374858
No qualification,West Midlands,22 to 25,Male,Asian,379,406.6489346,492.2688743,551.8113968,637.975177
No qualification,West Midlands,22 to 25,Male,Black,284,319.8438055,338.2853955,416.5178518,476.8920152
No qualification,West Midlands,22 to 25,Male,Other,472,523.3464128,539.8732921,611.3921061,672.4190836
No qualification,West Midlands,22 to 25,Female,White,697,700.2376913,760.9872046,764.2640533,849.7914262
No qualification,West Midlands,22 to 25,Female,Mixed,835,914.8626565,1009.027297,1074.077102,1080.826167
No qualification,West Midlands,22 to 25,Female,Asian,687,778.7339254,865.0197193,921.9607718,999.3551165
No qualification,West Midlands,22 to 25,Female,Black,678,721.0906701,750.5679445,829.0756342,902.2908056
No qualification,West Midlands,22 to 25,Female,Other,625,656.6954776,697.665916,745.8125905,804.733599
No qualification,West Midlands,26 to 29,Male,White,769,770.9223032,844.2182665,864.8679898,961.0698531
No qualification,West Midlands,26 to 29,Male,Mixed,347,408.9133916,490.5906519,509.9890048,601.0625633
No qualification,West Midlands,26 to 29,Male,Asian,388,439.4778929,484.7861747,493.7377351,496.3080479
No qualification,West Midlands,26 to 29,Male,Black,349,396.6512364,432.6415159,497.8883088,587.9090152
No qualification,West Midlands,26 to 29,Male,Other,99,167.1914861,199.9979548,298.312155,329.8780797
No qualification,West Midlands,26 to 29,Female,White,119,199.7770993,298.5108093,360.9005047,384.1089488
No qualification,West Midlands,26 to 29,Female,Mixed,354,407.2378747,426.9056261,445.0623569,484.9680767
No qualification,West Midlands,26 to 29,Female,Asian,714,798.3169533,887.4640115,932.9296966,1014.18841
No qualification,West Midlands,26 to 29,Female,Black,336,393.6750704,469.2609899,535.899058,572.4046911
No qualification,West Midlands,26 to 29,Female,Other,728,810.0304947,851.0002775,877.4680156,925.5894889
No qualification,Yorkshire and The Humber,16 to 21,Male,White,19,62.9133457,156.9067489,243.5227035,304.4166069
No qualification,Yorkshire and The Humber,16 to 21,Male,Mixed,129,216.3669866,277.3826477,324.0633161,357.6009999
No qualification,Yorkshire and The Humber,16 to 21,Male,Asian,990,1067.084089,1119.312046,1207.304693,1243.612381
No qualification,Yorkshire and The Humber,16 to 21,Male,Black,77,90.41440446,118.7059248,184.2350498,195.7622228
No qualification,Yorkshire and The Humber,16 to 21,Male,Other,903,962.671215,1005.506701,1007.464952,1048.696342
No qualification,Yorkshire and The Humber,16 to 21,Female,White,138,150.3707445,207.6526179,260.0283264,342.0229441
No qualification,Yorkshire and The Humber,16 to 21,Female,Mixed,402,492.2338394,496.5711074,536.2375959,614.8380885
No qualification,Yorkshire and The Humber,16 to 21,Female,Asian,532,610.3032224,639.8502983,673.5898645,695.5311677
No qualification,Yorkshire and The Humber,16 to 21,Female,Black,26,110.5721088,204.4133428,257.9684232,300.2904408
No qualification,Yorkshire and The Humber,16 to 21,Female,Other,855,912.4863316,981.508102,1048.788098,1103.38073
No qualification,Yorkshire and The Humber,22 to 25,Male,White,155,226.0615064,239.4269283,254.1990489,257.9515424
No qualification,Yorkshire and The Humber,22 to 25,Male,Mixed,705,723.7427177,779.1901344,832.8569538,843.4756394
No qualification,Yorkshire and The Humber,22 to 25,Male,Asian,351,384.9531852,483.9427411,525.3258167,568.631935
No qualification,Yorkshire and The Humber,22 to 25,Male,Black,657,706.9991622,755.0074758,786.8901374,876.3492071
No qualification,Yorkshire and The Humber,22 to 25,Male,Other,376,430.7755336,506.4004207,530.529872,586.8745695
No qualification,Yorkshire and The Humber,22 to 25,Female,White,902,917.4590598,935.7935525,1006.82108,1068.285752
No qualification,Yorkshire and The Humber,22 to 25,Female,Mixed,919,981.3352673,1072.204269,1137.956107,1138.20898
No qualification,Yorkshire and The Humber,22 to 25,Female,Asian,432,500.9112511,578.2801426,638.018403,721.4285151
No qualification,Yorkshire and The Humber,22 to 25,Female,Black,170,209.5542564,271.3336271,332.5646834,381.048516
No qualification,Yorkshire and The Humber,22 to 25,Female,Other,441,492.7947732,546.0612791,603.786443,618.6878689
No qualification,Yorkshire and The Humber,26 to 29,Male,White,713,793.154696,831.4093846,842.0303733,854.8790748
No qualification,Yorkshire and The Humber,26 to 29,Male,Mixed,506,507.3868018,547.7022673,641.0205518,657.7334248
No qualification,Yorkshire and The Humber,26 to 29,Male,Asian,294,313.5032654,337.8130746,366.990485,415.2505422
No qualification,Yorkshire and The Humber,26 to 29,Male,Black,78,150.8814485,238.0496784,257.7558292,314.8461793
No qualification,Yorkshire and The Humber,26 to 29,Male,Other,362,395.5705451,397.9250092,477.6456133,541.2948669
No qualification,Yorkshire and The Humber,26 to 29,Female,White,934,1033.854165,1052.451907,1123.081305,1150.336231
No qualification,Yorkshire and The Humber,26 to 29,Female,Mixed,909,942.0993925,1006.933565,1015.996843,1030.999954
No qualification,Yorkshire and The Humber,26 to 29,Female,Asian,842,880.8048865,885.9681864,921.8203183,973.2654919
No qualification,Yorkshire and The Humber,26 to 29,Female,Black,905,989.2918156,999.93217,1090.828044,1138.259037
No qualification,Yorkshire and The Humber,26 to 29,Female,Other,834,926.1173793,949.2821047,964.54435,1059.737582